
{
    "pets": [
        {
            "type": "Cachorrinho",
            "img": "img/adotaJP1.jpg",
            "ong": "Adota JP",
            "name": "Ptolomeu",
            "age": "7 meses",
            "gender": "Macho",
            "size": "Pequeno",
            "vaccine": "Em dia",
            "comorb": "nenhuma",
            "contact": {
                "instagram": "https://www.instagram.com/adotajp/?hl=pt"
        }},

            {
                "type": "Gatinho",
                "img": "img/gatinhobessa.jpg",
                "ong": "Bicho a Bessa",
                "name": "Betinha",
                "age": "1 ano e 3 meses",
                "gender": "Fêmea",
                "size": "Pequeno",
                "vaccine":"Em dia",
                "comorb": "nenhuma",
                "contact": {
                    "instagram": "https://www.instagram.com/bichoabessa/?hl=pt"

            }},
            {
                "type": "Gatinhos",
                "img": "img/bichobessa1.jpg",
                "ong": "Bicho a Bessa",
                "name": "--",
                "age": "3 meses",
                "gender": "Misto",
                "size": "Ninhada",
                "vaccine": "não completo",
                "comorb": "nenhuma",
                "contact":{  
                    "instagram":"https://www.instagram.com/bichoabessa/?hl=pt"         
            }},
       
            {
                "type": "Gatinho",
               "img": "img/gael.jpg",
               "ong": "Bicho a Bessa",
               "name": "Gael",
               "age": "2 anos",
               "gender": "Macho",
               "size": "Médio",
               "vaccine": "Em dia",
               "comorb": "nenhuma",
               "contact":{  
                    "instagram":"https://www.instagram.com/ajudeanjosderua/?hl=pt",
                    "phone": "(83)8818-0447"
            }},

    
            {
                "type": "Cachorrinhos",
                "img": "img/amigobicho1.jpg",
                "ong": "Amigo Bicho",
                "name": "--",
                "age": "2 - 4 anos",
                "gender": "--",
                "size": "Médio/Grande",
                "vaccine": "não completo",
                "comorb": "nenhuma",
                "contact":{  
                    "instagram":"https://www.instagram.com/cantinhoamigobicho/?hl=pt",
                    "phone": "(83)3042-0045"
            }},

          
            {
                "type": "Gatinho",
                "img": "img/missaopatinhas.jpg",
                "ong": "Bicho a Bessa",
                "name": "Jorge",
                "age": "3 anos",
                "gender": "Macho",
                "size": "Pequeno",
                "vaccine": "Em dia",
                "comorb": "nenhuma",
                "contact": {  
                    "instagram":" andreiabalbinademedeiros@hotmail.com",
                    "phone": "(83)8723-7995"
            }},

         
            {
                "type": "Animais",
                "img": "img/doacoes.jpg",
                "ong": "Centro de Zoonoses",
                "name": "Cláudio",
                "age": "2 anos",
                "gender": "Macho",
                "size": "Médio",
                "vaccine": "Em dia",
                "comorb": "nenhuma",
                "contact": {  
                    "instagram":"vigiambiental.jp@gmail.com",
                    "phone": "(83)3214-3459"
                }
          }
    ]
}
